geography,date,party,outcome,pct_05,pct_50,pct_95
Alberta,2021-08-15,Conservative,Seats,29,32,33
Alberta,2021-08-15,Green,Seats,0,0,0
Alberta,2021-08-15,Liberal,Seats,0,1,3
Alberta,2021-08-15,NDP,Seats,1,1,2
Alberta,2021-08-15,People's,Seats,0,0,0
Alberta,2021-08-15,Conservative,Vote share,0.45974591659216546,0.5395194575651922,0.6276712613260355
Alberta,2021-08-15,Green,Vote share,0.00546049352000955,0.04676497833530387,0.0921642503942965
Alberta,2021-08-15,Liberal,Vote share,0.11345143022135154,0.1824041184276981,0.2494453535256253
Alberta,2021-08-15,NDP,Vote share,0.08920664003085099,0.16265035214807172,0.2327266781009686
Alberta,2021-08-15,People's,Vote share,0.02489148259456355,0.06273090798276562,0.10107215422803108
British Columbia,2021-08-15,Conservative,Seats,7,13,18
British Columbia,2021-08-15,Green,Seats,1,2,2
British Columbia,2021-08-15,Liberal,Seats,11,15,21
British Columbia,2021-08-15,NDP,Seats,8,11,15
British Columbia,2021-08-15,People's,Seats,0,0,0
British Columbia,2021-08-15,Conservative,Vote share,0.1974836274458593,0.2680644038814301,0.3386609047020178
British Columbia,2021-08-15,Green,Vote share,0.05553582220521729,0.100925051051672,0.15158091565441822
British Columbia,2021-08-15,Liberal,Vote share,0.239073163161875,0.30489996282203957,0.3684671472403687
British Columbia,2021-08-15,NDP,Vote share,0.18802646280193624,0.2642668909302357,0.3394303976846018
British Columbia,2021-08-15,People's,Vote share,0.02016365646390654,0.05613158265934964,0.09198248255871472
Manitoba,2021-08-15,Conservative,Seats,5,6,7
Manitoba,2021-08-15,Green,Seats,0,0,0
Manitoba,2021-08-15,Liberal,Seats,4,5,7
Manitoba,2021-08-15,NDP,Seats,2,3,4
Manitoba,2021-08-15,People's,Seats,0,0,0
Manitoba,2021-08-15,Conservative,Vote share,0.2664989122608052,0.35005568048323416,0.4334869808835637
Manitoba,2021-08-15,Green,Vote share,0.00788587164081342,0.05897697919050009,0.10960872918265356
Manitoba,2021-08-15,Liberal,Vote share,0.2288086833788964,0.3030347030558327,0.3807915294354019
Manitoba,2021-08-15,NDP,Vote share,0.14971148054688688,0.22185383173292256,0.29930269745596205
Manitoba,2021-08-15,People's,Vote share,0.0188095496860924,0.05895760118021703,0.09847646776033088
National,2021-08-15,Bloc,Seats,21,28,35
National,2021-08-15,Conservative,Seats,99,112,124
National,2021-08-15,Green,Seats,1,2,3
National,2021-08-15,Liberal,Seats,147,164,181
National,2021-08-15,NDP,Seats,23,31,43
National,2021-08-15,People's,Seats,0,0,0
National,2021-08-15,Bloc,Vote share,0.05132214207159968,0.06544800148294835,0.08040178112865075
National,2021-08-15,Conservative,Vote share,0.2504317764599118,0.28259493721534,0.3164177086291585
National,2021-08-15,Green,Vote share,0.03708940909150001,0.06660847961163756,0.09805983785151026
National,2021-08-15,Liberal,Vote share,0.29866574989621425,0.3350538273382338,0.3718815210981842
National,2021-08-15,NDP,Vote share,0.151990418852487,0.18766565036157865,0.22154606579957545
National,2021-08-15,People's,Vote share,0.03783725921984228,0.0569533620390194,0.07650680653739395
New Brunswick,2021-08-15,Conservative,Seats,1,3,5
New Brunswick,2021-08-15,Green,Seats,0,0,1
New Brunswick,2021-08-15,Liberal,Seats,5,7,8
New Brunswick,2021-08-15,NDP,Seats,0,0,1
New Brunswick,2021-08-15,People's,Seats,0,0,0
New Brunswick,2021-08-15,Conservative,Vote share,0.18710948533729288,0.2628798864767919,0.3394055510403746
New Brunswick,2021-08-15,Green,Vote share,0.0750800947333688,0.12666514263530584,0.18405688972670808
New Brunswick,2021-08-15,Liberal,Vote share,0.3267635447547358,0.4071098368411,0.4913129078561904
New Brunswick,2021-08-15,NDP,Vote share,0.05952002432376691,0.13619023808591652,0.2152931981580045
New Brunswick,2021-08-15,People's,Vote share,0.01952032389670078,0.05989083933756138,0.098704492356077
Newfoundland and Labrador,2021-08-15,Conservative,Seats,0,0,1
Newfoundland and Labrador,2021-08-15,Green,Seats,0,0,0
Newfoundland and Labrador,2021-08-15,Liberal,Seats,4,6,7
Newfoundland and Labrador,2021-08-15,NDP,Seats,0,1,2
Newfoundland and Labrador,2021-08-15,People's,Seats,0,0,0
Newfoundland and Labrador,2021-08-15,Conservative,Vote share,0.1225204281825072,0.2009490321095082,0.27694237536467525
Newfoundland and Labrador,2021-08-15,Green,Vote share,0.00266627651896212,0.03010352028056494,0.07915608140666955
Newfoundland and Labrador,2021-08-15,Liberal,Vote share,0.3849845299731825,0.4711826457195285,0.5659027774142434
Newfoundland and Labrador,2021-08-15,NDP,Vote share,0.16073965469302753,0.24309851832524151,0.3250053098489554
Newfoundland and Labrador,2021-08-15,People's,Vote share,0.00400893772688352,0.04439807670721997,0.08277874582378168
Northwest Territories,2021-08-15,Conservative,Seats,0,0,0
Northwest Territories,2021-08-15,Green,Seats,0,0,0
Northwest Territories,2021-08-15,Liberal,Seats,0,1,1
Northwest Territories,2021-08-15,NDP,Seats,0,0,1
Northwest Territories,2021-08-15,People's,Seats,0,0,0
Northwest Territories,2021-08-15,Conservative,Vote share,0.05464984886199936,0.176859640309426,0.29933168627659373
Northwest Territories,2021-08-15,Green,Vote share,0.00462708012871736,0.09969526347428638,0.20250899826747687
Northwest Territories,2021-08-15,Liberal,Vote share,0.2954545583382685,0.426774842022573,0.5680353880354826
Northwest Territories,2021-08-15,NDP,Vote share,0.02400269065951791,0.2278855376676449,0.4129809912246089
Northwest Territories,2021-08-15,People's,Vote share,0.00552259861492185,0.06092297225949014,0.11433757703774217
Nova Scotia,2021-08-15,Conservative,Seats,0,1,3
Nova Scotia,2021-08-15,Green,Seats,0,0,0
Nova Scotia,2021-08-15,Liberal,Seats,7,10,11
Nova Scotia,2021-08-15,NDP,Seats,0,0,3
Nova Scotia,2021-08-15,People's,Seats,0,0,0
Nova Scotia,2021-08-15,Conservative,Vote share,0.12009427682555315,0.19521299187274788,0.2701487201157903
Nova Scotia,2021-08-15,Green,Vote share,0.03328686082561921,0.08103345267079665,0.13598401186174336
Nova Scotia,2021-08-15,Liberal,Vote share,0.36774382977517184,0.45104259217886455,0.5391960871240259
Nova Scotia,2021-08-15,NDP,Vote share,0.1317489159678402,0.21164499105740983,0.29164273416654685
Nova Scotia,2021-08-15,People's,Vote share,0.01273090377129827,0.05383537033294502,0.09306745332670129
Nunavut,2021-08-15,Conservative,Seats,0,0,1
Nunavut,2021-08-15,Green,Seats,0,0,0
Nunavut,2021-08-15,Liberal,Seats,0,0,1
Nunavut,2021-08-15,NDP,Seats,0,1,1
Nunavut,2021-08-15,People's,Seats,0,0,0
Nunavut,2021-08-15,Conservative,Vote share,0.06232742624115666,0.1942680937183297,0.32702999208164263
Nunavut,2021-08-15,Green,Vote share,0,0.03634266079762382,0.14265857461393122
Nunavut,2021-08-15,Liberal,Vote share,0.16185714915257002,0.30134198383325805,0.4495641382803341
Nunavut,2021-08-15,NDP,Vote share,0.20125105395817516,0.4010225704690112,0.5879696086574562
Nunavut,2021-08-15,People's,Vote share,0,0.04961016884970024,0.107061159796326
Ontario,2021-08-15,Conservative,Seats,25,33,41
Ontario,2021-08-15,Green,Seats,0,0,0
Ontario,2021-08-15,Liberal,Seats,66,78,89
Ontario,2021-08-15,NDP,Seats,5,9,18
Ontario,2021-08-15,People's,Seats,0,0,0
Ontario,2021-08-15,Conservative,Vote share,0.2284682870768685,0.2731820732601462,0.3221051117189105
Ontario,2021-08-15,Green,Vote share,0.02459039697107373,0.06286814811168848,0.10517956692361748
Ontario,2021-08-15,Liberal,Vote share,0.3264907535682171,0.3893921941048013,0.45239658917683295
Ontario,2021-08-15,NDP,Vote share,0.1534079416352471,0.20783387867157016,0.25976041529861216
Ontario,2021-08-15,People's,Vote share,0.03003825153678445,0.0602811024240187,0.09081698201306668
Prince Edward Island,2021-08-15,Conservative,Seats,0,0,1
Prince Edward Island,2021-08-15,Green,Seats,0,0,0
Prince Edward Island,2021-08-15,Liberal,Seats,3,4,4
Prince Edward Island,2021-08-15,NDP,Seats,0,0,1
Prince Edward Island,2021-08-15,People's,Seats,0,0,0
Prince Edward Island,2021-08-15,Conservative,Vote share,0.11156795885805428,0.20127900860265735,0.28721203168243614
Prince Edward Island,2021-08-15,Green,Vote share,0.09079969215220368,0.15614451410551858,0.2260546639682672
Prince Edward Island,2021-08-15,Liberal,Vote share,0.37013130670524486,0.4675467176878567,0.5705294837212239
Prince Edward Island,2021-08-15,NDP,Vote share,0.03556571890907849,0.12325087685293748,0.2166491118197989
Prince Edward Island,2021-08-15,People's,Vote share,0.00310963301602603,0.04428966757038934,0.0839308254886946
Quebec,2021-08-15,Bloc,Seats,21,28,35
Quebec,2021-08-15,Conservative,Seats,8,10,12
Quebec,2021-08-15,Green,Seats,0,0,0
Quebec,2021-08-15,Liberal,Seats,31,37,44
Quebec,2021-08-15,NDP,Seats,1,3,5
Quebec,2021-08-15,People's,Seats,0,0,0
Quebec,2021-08-15,Bloc,Vote share,0.22414114888216288,0.27834147463004866,0.335226074092464
Quebec,2021-08-15,Conservative,Vote share,0.10043256229814308,0.15416311457646567,0.21087229887841027
Quebec,2021-08-15,Green,Vote share,0.01209476236086197,0.05801728634045262,0.1073305675187557
Quebec,2021-08-15,Liberal,Vote share,0.27759626536855053,0.3352929458359927,0.3970021554805035
Quebec,2021-08-15,NDP,Vote share,0.07063788155926512,0.11588452910655496,0.16504487995597897
Quebec,2021-08-15,People's,Vote share,0.02014206439591683,0.049729972413301723,0.07961448767548632
Saskatchewan,2021-08-15,Conservative,Seats,10,13,14
Saskatchewan,2021-08-15,Green,Seats,0,0,0
Saskatchewan,2021-08-15,Liberal,Seats,0,0,2
Saskatchewan,2021-08-15,NDP,Seats,0,1,3
Saskatchewan,2021-08-15,People's,Seats,0,0,0
Saskatchewan,2021-08-15,Conservative,Vote share,0.4430881615444865,0.5274710974921811,0.6180247613338251
Saskatchewan,2021-08-15,Green,Vote share,4.144821102425814e-4,0.03910509441994913,0.08996303119344493
Saskatchewan,2021-08-15,Liberal,Vote share,0.08921098741474988,0.16513416733839398,0.23970374940231903
Saskatchewan,2021-08-15,NDP,Vote share,0.12889356074276095,0.2005466711808473,0.27420963229211687
Saskatchewan,2021-08-15,People's,Vote share,0.01972117636554907,0.05990294261722945,0.09937144875195024
Yukon,2021-08-15,Conservative,Seats,0,0,1
Yukon,2021-08-15,Green,Seats,0,0,0
Yukon,2021-08-15,Liberal,Seats,0,1,1
Yukon,2021-08-15,NDP,Seats,0,0,1
Yukon,2021-08-15,People's,Seats,0,0,0
Yukon,2021-08-15,Conservative,Vote share,0.11267608967642675,0.2353392855428816,0.35673182104397994
Yukon,2021-08-15,Green,Vote share,0.00292054257760674,0.09925120549694728,0.20006733810240637
Yukon,2021-08-15,Liberal,Vote share,0.24552121720761697,0.37670032122738417,0.5145716609025455
Yukon,2021-08-15,NDP,Vote share,0.02311515294572028,0.22523939215277097,0.40797572382149816
Yukon,2021-08-15,People's,Vote share,0.00157700417732712,0.05725185538702535,0.11112860096701156
Alberta,2021-08-16,Conservative,Seats,29,32,33
Alberta,2021-08-16,Green,Seats,0,0,0
Alberta,2021-08-16,Liberal,Seats,0,1,3
Alberta,2021-08-16,NDP,Seats,1,1,2
Alberta,2021-08-16,People's,Seats,0,0,0
Alberta,2021-08-16,Conservative,Vote share,0.4585855604064092,0.5397458637935917,0.628453814201018
Alberta,2021-08-16,Green,Vote share,0.00540329707567891,0.04614523737498993,0.09102281855618106
Alberta,2021-08-16,Liberal,Vote share,0.10884089920588888,0.1787335395277028,0.24653871654072357
Alberta,2021-08-16,NDP,Vote share,0.08661554697914292,0.16273858543154196,0.23110816321343344
Alberta,2021-08-16,People's,Vote share,0.02836666367540238,0.0665591125026767,0.10448675412915324
British Columbia,2021-08-16,Conservative,Seats,8,13,18
British Columbia,2021-08-16,Green,Seats,1,2,2
British Columbia,2021-08-16,Liberal,Seats,11,15,21
British Columbia,2021-08-16,NDP,Seats,9,11,16
British Columbia,2021-08-16,People's,Seats,0,0,0
British Columbia,2021-08-16,Conservative,Vote share,0.20091779696979625,0.27068140772960125,0.34148065276784706
British Columbia,2021-08-16,Green,Vote share,0.05530990946359434,0.1009451402890052,0.15213737946065736
British Columbia,2021-08-16,Liberal,Vote share,0.23594902758650177,0.29999437155464104,0.3663694863357233
British Columbia,2021-08-16,NDP,Vote share,0.18772687280342412,0.2629807489348648,0.3392546386680019
British Columbia,2021-08-16,People's,Vote share,0.02114441506684028,0.05840314703119416,0.09504307490846234
Manitoba,2021-08-16,Conservative,Seats,5,6,7
Manitoba,2021-08-16,Green,Seats,0,0,0
Manitoba,2021-08-16,Liberal,Seats,4,5,6
Manitoba,2021-08-16,NDP,Seats,2,3,4
Manitoba,2021-08-16,People's,Seats,0,0,0
Manitoba,2021-08-16,Conservative,Vote share,0.26978608467448145,0.35176143970740237,0.43655637134072595
Manitoba,2021-08-16,Green,Vote share,0.0081721509041191,0.0586169113731237,0.10931616512190127
Manitoba,2021-08-16,Liberal,Vote share,0.22628121049453956,0.2987012401541289,0.3749114953217189
Manitoba,2021-08-16,NDP,Vote share,0.14913285033796905,0.22205266031791865,0.2974694236601876
Manitoba,2021-08-16,People's,Vote share,0.0234304226446502,0.06221283238231977,0.10176145737967844
National,2021-08-16,Bloc,Seats,21,28,35
National,2021-08-16,Conservative,Seats,100,112,125
National,2021-08-16,Green,Seats,1,2,3
National,2021-08-16,Liberal,Seats,145,163,180
National,2021-08-16,NDP,Seats,24,31,43
National,2021-08-16,People's,Seats,0,0,0
National,2021-08-16,Bloc,Vote share,0.05110400044408318,0.06554702325002609,0.08016191913981086
National,2021-08-16,Conservative,Vote share,0.25114473566448153,0.2833319588680817,0.317276297939241
National,2021-08-16,Green,Vote share,0.03692874488742299,0.06625284568421116,0.09799501138284349
National,2021-08-16,Liberal,Vote share,0.2955321531303784,0.3321968845670802,0.36911685476154626
National,2021-08-16,NDP,Vote share,0.15157488340934924,0.18750357136960116,0.2213472945101139
National,2021-08-16,People's,Vote share,0.03991954442825846,0.05956162089325932,0.07908055852312453
New Brunswick,2021-08-16,Conservative,Seats,2,3,5
New Brunswick,2021-08-16,Green,Seats,0,0,1
New Brunswick,2021-08-16,Liberal,Seats,5,7,8
New Brunswick,2021-08-16,NDP,Seats,0,0,1
New Brunswick,2021-08-16,People's,Seats,0,0,0
New Brunswick,2021-08-16,Conservative,Vote share,0.18826755051128544,0.2645724930254896,0.3413172139898292
New Brunswick,2021-08-16,Green,Vote share,0.0738779770548316,0.12659220807769306,0.1847761382597657
New Brunswick,2021-08-16,Liberal,Vote share,0.3234983893336747,0.4042585833596892,0.48972322004924673
New Brunswick,2021-08-16,NDP,Vote share,0.05653065644208992,0.1338886421582739,0.21378188945117793
New Brunswick,2021-08-16,People's,Vote share,0.02341061117980385,0.06295456947905073,0.1024784143244516
Newfoundland and Labrador,2021-08-16,Conservative,Seats,0,0,1
Newfoundland and Labrador,2021-08-16,Green,Seats,0,0,0
Newfoundland and Labrador,2021-08-16,Liberal,Seats,4,6,7
Newfoundland and Labrador,2021-08-16,NDP,Seats,0,1,2
Newfoundland and Labrador,2021-08-16,People's,Seats,0,0,0
Newfoundland and Labrador,2021-08-16,Conservative,Vote share,0.12370315502703924,0.20263254000760136,0.27832515154396875
Newfoundland and Labrador,2021-08-16,Green,Vote share,0.00274388705909588,0.02998292693294499,0.07906269276327019
Newfoundland and Labrador,2021-08-16,Liberal,Vote share,0.3803745785537941,0.4678984069374027,0.5610060252941709
Newfoundland and Labrador,2021-08-16,NDP,Vote share,0.16035573251539778,0.2419324864899867,0.3248209243072173
Newfoundland and Labrador,2021-08-16,People's,Vote share,0.00777951553089187,0.04739341847786071,0.08671906022684338
Northwest Territories,2021-08-16,Conservative,Seats,0,0,0
Northwest Territories,2021-08-16,Green,Seats,0,0,0
Northwest Territories,2021-08-16,Liberal,Seats,0,1,1
Northwest Territories,2021-08-16,NDP,Seats,0,0,1
Northwest Territories,2021-08-16,People's,Seats,0,0,0
Northwest Territories,2021-08-16,Conservative,Vote share,0.05621665852801867,0.1792757719071464,0.29789477774539963
Northwest Territories,2021-08-16,Green,Vote share,0.00363137638993272,0.09932893241239976,0.1969463756186151
Northwest Territories,2021-08-16,Liberal,Vote share,0.28733516597779724,0.41715824762375575,0.5598549090278745
Northwest Territories,2021-08-16,NDP,Vote share,0.02423334408081456,0.2299568351246311,0.4142717829529522
Northwest Territories,2021-08-16,People's,Vote share,0.01275675076889327,0.06723494888131219,0.12010023980198312
Nova Scotia,2021-08-16,Conservative,Seats,0,1,3
Nova Scotia,2021-08-16,Green,Seats,0,0,0
Nova Scotia,2021-08-16,Liberal,Seats,7,9,11
Nova Scotia,2021-08-16,NDP,Seats,0,0,3
Nova Scotia,2021-08-16,People's,Seats,0,0,0
Nova Scotia,2021-08-16,Conservative,Vote share,0.12121870156530672,0.1979151620204339,0.2726188392097143
Nova Scotia,2021-08-16,Green,Vote share,0.03339026526589864,0.08008066722253931,0.13707095849930115
Nova Scotia,2021-08-16,Liberal,Vote share,0.3638215019718214,0.44590120153030055,0.5345183899765077
Nova Scotia,2021-08-16,NDP,Vote share,0.1306865624525705,0.2108403299928965,0.28974127749829065
Nova Scotia,2021-08-16,People's,Vote share,0.01647065145843646,0.0568928338860853,0.09707904258423232
Nunavut,2021-08-16,Conservative,Seats,0,0,1
Nunavut,2021-08-16,Green,Seats,0,0,0
Nunavut,2021-08-16,Liberal,Seats,0,0,1
Nunavut,2021-08-16,NDP,Seats,0,1,1
Nunavut,2021-08-16,People's,Seats,0,0,0
Nunavut,2021-08-16,Conservative,Vote share,0.06701898321679028,0.1971251841012241,0.3267312770463025
Nunavut,2021-08-16,Green,Vote share,0,0.03635046317209234,0.14196000206891496
Nunavut,2021-08-16,Liberal,Vote share,0.1543057088252319,0.29439899621558974,0.43806569585031424
Nunavut,2021-08-16,NDP,Vote share,0.1970940865330207,0.40048901621845223,0.5850261076822229
Nunavut,2021-08-16,People's,Vote share,0,0.05673584853302346,0.11309151898585933
Ontario,2021-08-16,Conservative,Seats,25,34,42
Ontario,2021-08-16,Green,Seats,0,0,0
Ontario,2021-08-16,Liberal,Seats,65,78,89
Ontario,2021-08-16,NDP,Seats,5,9,18
Ontario,2021-08-16,People's,Seats,0,0,0
Ontario,2021-08-16,Conservative,Vote share,0.2272426998630098,0.27437950949675327,0.3241687448093822
Ontario,2021-08-16,Green,Vote share,0.02397170765370574,0.06238949355634649,0.10439193310776708
Ontario,2021-08-16,Liberal,Vote share,0.3220786932544696,0.387440648267004,0.4513817491781643
Ontario,2021-08-16,NDP,Vote share,0.15374970469712743,0.20777392555403384,0.25911265965340263
Ontario,2021-08-16,People's,Vote share,0.03184564256436777,0.06210768514049518,0.09251325661693512
Prince Edward Island,2021-08-16,Conservative,Seats,0,0,1
Prince Edward Island,2021-08-16,Green,Seats,0,0,0
Prince Edward Island,2021-08-16,Liberal,Seats,3,4,4
Prince Edward Island,2021-08-16,NDP,Seats,0,0,1
Prince Edward Island,2021-08-16,People's,Seats,0,0,0
Prince Edward Island,2021-08-16,Conservative,Vote share,0.11384928503702274,0.20321510701706005,0.2888689202404164
Prince Edward Island,2021-08-16,Green,Vote share,0.0885513508035473,0.15623528535933828,0.22611281804785452
Prince Edward Island,2021-08-16,Liberal,Vote share,0.3659679162599903,0.4647186161713035,0.5651573925572139
Prince Edward Island,2021-08-16,NDP,Vote share,0.03627962731660131,0.1217613786947696,0.2166856921039749
Prince Edward Island,2021-08-16,People's,Vote share,0.00650868129608599,0.04749924939216977,0.0874979843249431
Quebec,2021-08-16,Bloc,Seats,21,28,35
Quebec,2021-08-16,Conservative,Seats,8,10,12
Quebec,2021-08-16,Green,Seats,0,0,0
Quebec,2021-08-16,Liberal,Seats,31,37,44
Quebec,2021-08-16,NDP,Seats,1,3,5
Quebec,2021-08-16,People's,Seats,0,0,0
Quebec,2021-08-16,Bloc,Vote share,0.22419547441093693,0.2791371600908854,0.33554157664917506
Quebec,2021-08-16,Conservative,Vote share,0.10012050157038824,0.1539045335578137,0.21066982434089815
Quebec,2021-08-16,Green,Vote share,0.01267257831130384,0.05854509139661839,0.10643709240043273
Quebec,2021-08-16,Liberal,Vote share,0.27628031995497015,0.3339272657730996,0.39526825607980953
Quebec,2021-08-16,NDP,Vote share,0.07143101446998457,0.11601959019972582,0.1633082591094121
Quebec,2021-08-16,People's,Vote share,0.02237177288023237,0.05186765484189071,0.0809797091608564
Saskatchewan,2021-08-16,Conservative,Seats,10,13,14
Saskatchewan,2021-08-16,Green,Seats,0,0,0
Saskatchewan,2021-08-16,Liberal,Seats,0,0,2
Saskatchewan,2021-08-16,NDP,Seats,0,1,3
Saskatchewan,2021-08-16,People's,Seats,0,0,0
Saskatchewan,2021-08-16,Conservative,Vote share,0.44484892653319313,0.5286447159725945,0.6182342385829688
Saskatchewan,2021-08-16,Green,Vote share,4.273258937577948e-4,0.03851874710932121,0.08961622490419138
Saskatchewan,2021-08-16,Liberal,Vote share,0.08643070491624633,0.16051324392060265,0.2357425054072821
Saskatchewan,2021-08-16,NDP,Vote share,0.12680817509775483,0.20001691093169544,0.27608205414074755
Saskatchewan,2021-08-16,People's,Vote share,0.02442968873312714,0.06305109845882557,0.10256445632110862
Yukon,2021-08-16,Conservative,Seats,0,0,1
Yukon,2021-08-16,Green,Seats,0,0,0
Yukon,2021-08-16,Liberal,Seats,0,1,1
Yukon,2021-08-16,NDP,Seats,0,0,1
Yukon,2021-08-16,People's,Seats,0,0,0
Yukon,2021-08-16,Conservative,Vote share,0.11533150263608812,0.23636066190564628,0.35776507831079085
Yukon,2021-08-16,Green,Vote share,0.00189312361001078,0.09792957683969172,0.20043557574625245
Yukon,2021-08-16,Liberal,Vote share,0.2367821131155941,0.3688622956012632,0.5058352535774548
Yukon,2021-08-16,NDP,Vote share,0.023360762511297,0.2257652617874662,0.40772317285942855
Yukon,2021-08-16,People's,Vote share,0.00897133391369343,0.06372197972945069,0.11640770320525208
Alberta,2021-08-17,Conservative,Seats,30,32,33
Alberta,2021-08-17,Green,Seats,0,0,0
Alberta,2021-08-17,Liberal,Seats,0,0,3
Alberta,2021-08-17,NDP,Seats,1,1,2
Alberta,2021-08-17,People's,Seats,0,0,0
Alberta,2021-08-17,Conservative,Vote share,0.4622146145252344,0.5403912735664089,0.626735093911144
Alberta,2021-08-17,Green,Vote share,0.00723415601836066,0.04834501466783516,0.09200520321137157
Alberta,2021-08-17,Liberal,Vote share,0.10589258080531153,0.17559151826788005,0.24311096096386065
Alberta,2021-08-17,NDP,Vote share,0.09335845516617974,0.16673525770789926,0.23206619623505045
Alberta,2021-08-17,People's,Vote share,0.02380287811590593,0.06379154750492264,0.10274835102333953
British Columbia,2021-08-17,Conservative,Seats,8,13,18
British Columbia,2021-08-17,Green,Seats,1,2,2
British Columbia,2021-08-17,Liberal,Seats,10,15,21
British Columbia,2021-08-17,NDP,Seats,8,11,15
British Columbia,2021-08-17,People's,Seats,0,0,0
British Columbia,2021-08-17,Conservative,Vote share,0.20758025445493025,0.27681052235856596,0.34722281597514953
British Columbia,2021-08-17,Green,Vote share,0.05801676758715669,0.1048915909200814,0.1559482918342854
British Columbia,2021-08-17,Liberal,Vote share,0.2340524728965491,0.3010642949494372,0.3701426043306291
British Columbia,2021-08-17,NDP,Vote share,0.18216917425571436,0.25784474428431203,0.33357165827105567
British Columbia,2021-08-17,People's,Vote share,0.014482013515252211,0.05323258692482732,0.09156092811807733
Manitoba,2021-08-17,Conservative,Seats,5,6,8
Manitoba,2021-08-17,Green,Seats,0,0,0
Manitoba,2021-08-17,Liberal,Seats,3,5,6
Manitoba,2021-08-17,NDP,Seats,2,3,4
Manitoba,2021-08-17,People's,Seats,0,0,0
Manitoba,2021-08-17,Conservative,Vote share,0.27230258748421077,0.3534749683244086,0.43485148818938313
Manitoba,2021-08-17,Green,Vote share,0.01019996829200163,0.06150061240100295,0.1115883883410405
Manitoba,2021-08-17,Liberal,Vote share,0.21852558352985463,0.2934651853442573,0.3713005330290398
Manitoba,2021-08-17,NDP,Vote share,0.15220597669701685,0.22577685247801624,0.3022575928610035
Manitoba,2021-08-17,People's,Vote share,0.01871021937744537,0.05919340780885197,0.10062166643668442
National,2021-08-17,Bloc,Seats,21,28,35
National,2021-08-17,Conservative,Seats,100,113,126
National,2021-08-17,Green,Seats,1,2,3
National,2021-08-17,Liberal,Seats,144,163,180
National,2021-08-17,NDP,Seats,23,31,43
National,2021-08-17,People's,Seats,0,0,0
National,2021-08-17,Bloc,Vote share,0.0509106582835135,0.06517654310723382,0.07972483735917911
National,2021-08-17,Conservative,Vote share,0.2539251962715923,0.2855468746546931,0.31860574597064323
National,2021-08-17,Green,Vote share,0.03740911209535651,0.06688265711125457,0.09859372941580404
National,2021-08-17,Liberal,Vote share,0.2928680820127209,0.33146106500204986,0.3694890013461799
National,2021-08-17,NDP,Vote share,0.1523393412084446,0.1877311140930804,0.2208876184101564
National,2021-08-17,People's,Vote share,0.03652521319232591,0.05769478422925649,0.07908755616793305
New Brunswick,2021-08-17,Conservative,Seats,1.9500000000000457,3,5
New Brunswick,2021-08-17,Green,Seats,0,0,1
New Brunswick,2021-08-17,Liberal,Seats,5,7,8
New Brunswick,2021-08-17,NDP,Seats,0,0,1
New Brunswick,2021-08-17,People's,Seats,0,0,0
New Brunswick,2021-08-17,Conservative,Vote share,0.18670244905764163,0.2631386670169728,0.33843436735412796
New Brunswick,2021-08-17,Green,Vote share,0.07885239614988372,0.1331816831383726,0.1909656311473233
New Brunswick,2021-08-17,Liberal,Vote share,0.3165685783693288,0.4021068185214948,0.4905230116222633
New Brunswick,2021-08-17,NDP,Vote share,0.05910239595025159,0.1348440066837134,0.21255488801370268
New Brunswick,2021-08-17,People's,Vote share,0.0188176689802178,0.06085576877178225,0.10233268490986376
Newfoundland and Labrador,2021-08-17,Conservative,Seats,0,0,1
Newfoundland and Labrador,2021-08-17,Green,Seats,0,0,0
Newfoundland and Labrador,2021-08-17,Liberal,Seats,4,6,7
Newfoundland and Labrador,2021-08-17,NDP,Seats,0,1,2
Newfoundland and Labrador,2021-08-17,People's,Seats,0,0,0
Newfoundland and Labrador,2021-08-17,Conservative,Vote share,0.12294288864640576,0.2009015005915325,0.27712147442210777
Newfoundland and Labrador,2021-08-17,Green,Vote share,0.00403400734799908,0.03366726214840575,0.08577074276047728
Newfoundland and Labrador,2021-08-17,Liberal,Vote share,0.37599377958807,0.46669774633174976,0.5628941794585249
Newfoundland and Labrador,2021-08-17,NDP,Vote share,0.1615475637010917,0.2426990744505121,0.32341710644827476
Newfoundland and Labrador,2021-08-17,People's,Vote share,0.00339478894479989,0.04547902989496374,0.0864886706325034
Northwest Territories,2021-08-17,Conservative,Seats,0,0,0
Northwest Territories,2021-08-17,Green,Seats,0,0,0
Northwest Territories,2021-08-17,Liberal,Seats,0,1,1
Northwest Territories,2021-08-17,NDP,Seats,0,0,1
Northwest Territories,2021-08-17,People's,Seats,0,0,0
Northwest Territories,2021-08-17,Conservative,Vote share,0.05969132653713308,0.18075286405006796,0.30033960884104416
Northwest Territories,2021-08-17,Green,Vote share,0.00134313029987701,0.09979528237683798,0.20097970608565005
Northwest Territories,2021-08-17,Liberal,Vote share,0.28970889342227313,0.41987323766600615,0.5625687733228132
Northwest Territories,2021-08-17,NDP,Vote share,0.02674527967651224,0.231599912602143,0.410667272431729
Northwest Territories,2021-08-17,People's,Vote share,0.00169957402868837,0.06195487826123962,0.11975099592265052
Nova Scotia,2021-08-17,Conservative,Seats,0,1,3
Nova Scotia,2021-08-17,Green,Seats,0,0,0
Nova Scotia,2021-08-17,Liberal,Seats,6,9,11
Nova Scotia,2021-08-17,NDP,Seats,0,0,3
Nova Scotia,2021-08-17,People's,Seats,0,0,0
Nova Scotia,2021-08-17,Conservative,Vote share,0.11933296980646736,0.19556411950766775,0.27170545844695765
Nova Scotia,2021-08-17,Green,Vote share,0.03753286721268122,0.08642182777784677,0.14400257169062913
Nova Scotia,2021-08-17,Liberal,Vote share,0.3570057973262543,0.4442371659922602,0.5376958357808124
Nova Scotia,2021-08-17,NDP,Vote share,0.1306319720861705,0.21119710456022112,0.289890399213075
Nova Scotia,2021-08-17,People's,Vote share,0.01209011795113533,0.05469307743570341,0.09734639355795896
Nunavut,2021-08-17,Conservative,Seats,0,0,1
Nunavut,2021-08-17,Green,Seats,0,0,0
Nunavut,2021-08-17,Liberal,Seats,0,0,1
Nunavut,2021-08-17,NDP,Seats,0,1,1
Nunavut,2021-08-17,People's,Seats,0,0,0
Nunavut,2021-08-17,Conservative,Vote share,0.06757508996747942,0.20004970903918376,0.33277433601794065
Nunavut,2021-08-17,Green,Vote share,0,0.0361801897911603,0.1431072556184327
Nunavut,2021-08-17,Liberal,Vote share,0.1527883245840056,0.2955473063101501,0.44209226620445374
Nunavut,2021-08-17,NDP,Vote share,0.1949822787156228,0.4020010016410954,0.5875257432851464
Nunavut,2021-08-17,People's,Vote share,0,0.0510849652577573,0.11302646344368612
Ontario,2021-08-17,Conservative,Seats,25,34,42
Ontario,2021-08-17,Green,Seats,0,0,0
Ontario,2021-08-17,Liberal,Seats,65,78,88
Ontario,2021-08-17,NDP,Seats,5,9,17
Ontario,2021-08-17,People's,Seats,0,0,0
Ontario,2021-08-17,Conservative,Vote share,0.2305684878461783,0.27783151416986296,0.3272132388604947
Ontario,2021-08-17,Green,Vote share,0.02318766062216272,0.0611154240442835,0.10294199017586449
Ontario,2021-08-17,Liberal,Vote share,0.3211488380537841,0.3868784477173939,0.45077382125225773
Ontario,2021-08-17,NDP,Vote share,0.15357006499961248,0.20715753215594668,0.25830648582156973
Ontario,2021-08-17,People's,Vote share,0.02907945691155136,0.06163506446797386,0.094138279350406
Prince Edward Island,2021-08-17,Conservative,Seats,0,0,1
Prince Edward Island,2021-08-17,Green,Seats,0,0,0
Prince Edward Island,2021-08-17,Liberal,Seats,3,4,4
Prince Edward Island,2021-08-17,NDP,Seats,0,0,1
Prince Edward Island,2021-08-17,People's,Seats,0,0,0
Prince Edward Island,2021-08-17,Conservative,Vote share,0.11394750310286544,0.20211100200447357,0.28662298168025135
Prince Edward Island,2021-08-17,Green,Vote share,0.09399942091296538,0.1626108775310977,0.23265251871495352
Prince Edward Island,2021-08-17,Liberal,Vote share,0.35945173671435565,0.4595253452877695,0.5665494077895893
Prince Edward Island,2021-08-17,NDP,Vote share,0.03756711799386206,0.12193192562441416,0.21749817946466324
Prince Edward Island,2021-08-17,People's,Vote share,0.00246367652067036,0.04521237493583935,0.08725736968472614
Quebec,2021-08-17,Bloc,Seats,21,28,35
Quebec,2021-08-17,Conservative,Seats,8,10,12
Quebec,2021-08-17,Green,Seats,0,0,0
Quebec,2021-08-17,Liberal,Seats,31,37,44
Quebec,2021-08-17,NDP,Seats,1,3,5
Quebec,2021-08-17,People's,Seats,0,0,0
Quebec,2021-08-17,Bloc,Vote share,0.22353963682204103,0.2775275085669777,0.33247747005550726
Quebec,2021-08-17,Conservative,Vote share,0.10167009936032356,0.15365911640950297,0.2083092182542755
Quebec,2021-08-17,Green,Vote share,0.0125084789303949,0.05833662311595365,0.10668600795377906
Quebec,2021-08-17,Liberal,Vote share,0.27548741258378395,0.33477153391522996,0.3964688083677642
Quebec,2021-08-17,NDP,Vote share,0.07411592961407472,0.11839846794869852,0.16439545550848325
Quebec,2021-08-17,People's,Vote share,0.02000892540905445,0.05108003775184277,0.08230156538283064
Saskatchewan,2021-08-17,Conservative,Seats,10,13,14
Saskatchewan,2021-08-17,Green,Seats,0,0,0
Saskatchewan,2021-08-17,Liberal,Seats,0,0,2
Saskatchewan,2021-08-17,NDP,Seats,0,1,3
Saskatchewan,2021-08-17,People's,Seats,0,0,0
Saskatchewan,2021-08-17,Conservative,Vote share,0.44667252570486154,0.5291324567952811,0.6164103082128676
Saskatchewan,2021-08-17,Green,Vote share,7.954322600791622e-4,0.04139959446174377,0.0923787546732948
Saskatchewan,2021-08-17,Liberal,Vote share,0.08115500645439545,0.15647027669084804,0.2330383916575015
Saskatchewan,2021-08-17,NDP,Vote share,0.13141378331845924,0.2044010058509102,0.2792343318984498
Saskatchewan,2021-08-17,People's,Vote share,0.01965081153449175,0.06011227293861065,0.10133789040676214
Yukon,2021-08-17,Conservative,Seats,0,0,1
Yukon,2021-08-17,Green,Seats,0,0,0
Yukon,2021-08-17,Liberal,Seats,0,1,1
Yukon,2021-08-17,NDP,Seats,0,0,1
Yukon,2021-08-17,People's,Seats,0,0,0
Yukon,2021-08-17,Conservative,Vote share,0.1180490548214082,0.23940556130809687,0.35986513347030863
Yukon,2021-08-17,Green,Vote share,0.00225265892491618,0.09850593821327568,0.2002145172400392
Yukon,2021-08-17,Liberal,Vote share,0.23805176741004247,0.37109684296333534,0.5114469167507474
Yukon,2021-08-17,NDP,Vote share,0.02269901779280239,0.22549006125778637,0.4068460045138406
Yukon,2021-08-17,People's,Vote share,0,0.0585482905738721,0.1166869821460152
Alberta,2021-08-18,Conservative,Seats,30,32,33
Alberta,2021-08-18,Green,Seats,0,0,0
Alberta,2021-08-18,Liberal,Seats,0,0,3
Alberta,2021-08-18,NDP,Seats,1,1,2
Alberta,2021-08-18,People's,Seats,0,0,0
Alberta,2021-08-18,Conservative,Vote share,0.4612189042746292,0.5403067377046613,0.6266554095367348
Alberta,2021-08-18,Green,Vote share,0.00689798882214521,0.04808407631800129,0.09178034370910972
Alberta,2021-08-18,Liberal,Vote share,0.10516808758396386,0.17575469351551398,0.2438795773615461
Alberta,2021-08-18,NDP,Vote share,0.09356616417000103,0.1665986069749253,0.2326012661470528
Alberta,2021-08-18,People's,Vote share,0.02413074630016835,0.06395987058089565,0.10267266350697006
British Columbia,2021-08-18,Conservative,Seats,8,13,18
British Columbia,2021-08-18,Green,Seats,1,2,2
British Columbia,2021-08-18,Liberal,Seats,11,15,21
British Columbia,2021-08-18,NDP,Seats,8,11,15
British Columbia,2021-08-18,People's,Seats,0,0,0
British Columbia,2021-08-18,Conservative,Vote share,0.2068185425046229,0.2761911692974839,0.3463243277009524
British Columbia,2021-08-18,Green,Vote share,0.05751818777248523,0.10425227628834344,0.15560445612252471
British Columbia,2021-08-18,Liberal,Vote share,0.23446547594509673,0.3010696591969183,0.3702661219492047
British Columbia,2021-08-18,NDP,Vote share,0.18322038471790864,0.2583344034415456,0.3336577798749551
British Columbia,2021-08-18,People's,Vote share,0.01473711337160379,0.05343783963915793,0.0915465815681918
Manitoba,2021-08-18,Conservative,Seats,5,6,7
Manitoba,2021-08-18,Green,Seats,0,0,0
Manitoba,2021-08-18,Liberal,Seats,3,5,6
Manitoba,2021-08-18,NDP,Seats,2,3,4
Manitoba,2021-08-18,People's,Seats,0,0,0
Manitoba,2021-08-18,Conservative,Vote share,0.27258127521098213,0.3528922973258405,0.4353895827394764
Manitoba,2021-08-18,Green,Vote share,0.0098999571751942,0.0610773838379928,0.11181227974964376
Manitoba,2021-08-18,Liberal,Vote share,0.22091305704940187,0.29406839101257,0.3718898517427619
Manitoba,2021-08-18,NDP,Vote share,0.15338540522907806,0.2255032107939312,0.29982900559472236
Manitoba,2021-08-18,People's,Vote share,0.0192766154230995,0.05940361619593758,0.10043946443813336
National,2021-08-18,Bloc,Seats,21,28,35
National,2021-08-18,Conservative,Seats,100,113,126
National,2021-08-18,Green,Seats,1,2,3
National,2021-08-18,Liberal,Seats,145,163,180
National,2021-08-18,NDP,Seats,23,31,43
National,2021-08-18,People's,Seats,0,0,0
National,2021-08-18,Bloc,Vote share,0.05099949472749779,0.0652690630783197,0.07978353358890805
National,2021-08-18,Conservative,Vote share,0.25364819481142853,0.2853366772186065,0.318504555030565
National,2021-08-18,Green,Vote share,0.03733275197452649,0.06677118932768934,0.09858205782792352
National,2021-08-18,Liberal,Vote share,0.29397772986190246,0.33167171933837375,0.3692419312640638
National,2021-08-18,NDP,Vote share,0.15231509482156122,0.18745476310776343,0.22087853492325543
National,2021-08-18,People's,Vote share,0.03665227396167708,0.05769305273872389,0.07894296878110765
New Brunswick,2021-08-18,Conservative,Seats,1,3,5
New Brunswick,2021-08-18,Green,Seats,0,0,1
New Brunswick,2021-08-18,Liberal,Seats,5,7,8
New Brunswick,2021-08-18,NDP,Seats,0,0,1
New Brunswick,2021-08-18,People's,Seats,0,0,0
New Brunswick,2021-08-18,Conservative,Vote share,0.18696373333458288,0.2631962341319176,0.33960675956593284
New Brunswick,2021-08-18,Green,Vote share,0.07780126449215592,0.13175818295667557,0.191360471033229
New Brunswick,2021-08-18,Liberal,Vote share,0.3177219218119543,0.4021079085970361,0.490841741137486
New Brunswick,2021-08-18,NDP,Vote share,0.05702541159085821,0.1343561434624278,0.21360185927373607
New Brunswick,2021-08-18,People's,Vote share,0.01889436154780592,0.06063410868680666,0.10249126499644176
Newfoundland and Labrador,2021-08-18,Conservative,Seats,0,0,1
Newfoundland and Labrador,2021-08-18,Green,Seats,0,0,0
Newfoundland and Labrador,2021-08-18,Liberal,Seats,4,6,7
Newfoundland and Labrador,2021-08-18,NDP,Seats,0,1,2
Newfoundland and Labrador,2021-08-18,People's,Seats,0,0,0
Newfoundland and Labrador,2021-08-18,Conservative,Vote share,0.12257741601882144,0.201637791073527,0.2776031304884568
Newfoundland and Labrador,2021-08-18,Green,Vote share,0.00376074770930911,0.03352520877430051,0.08493223315711404
Newfoundland and Labrador,2021-08-18,Liberal,Vote share,0.3763786411769608,0.46663076658071256,0.5629877900246524
Newfoundland and Labrador,2021-08-18,NDP,Vote share,0.16139790969743617,0.24255594095308847,0.32514980440274266
Newfoundland and Labrador,2021-08-18,People's,Vote share,0.00382488284147037,0.04539274002055701,0.08668681592067981
Northwest Territories,2021-08-18,Conservative,Seats,0,0,0
Northwest Territories,2021-08-18,Green,Seats,0,0,0
Northwest Territories,2021-08-18,Liberal,Seats,0,1,1
Northwest Territories,2021-08-18,NDP,Seats,0,0,1
Northwest Territories,2021-08-18,People's,Seats,0,0,0
Northwest Territories,2021-08-18,Conservative,Vote share,0.05886226878056537,0.18137850965216704,0.29929916035873955
Northwest Territories,2021-08-18,Green,Vote share,0.00305684629944248,0.09896984090797208,0.1964179089843277
Northwest Territories,2021-08-18,Liberal,Vote share,0.2883414593100172,0.4197794055948689,0.5637475622343776
Northwest Territories,2021-08-18,NDP,Vote share,0.02563955457654885,0.2307789974985275,0.4144295860122114
Northwest Territories,2021-08-18,People's,Vote share,0.0025288148182915,0.0619807539058332,0.11978154840327478
Nova Scotia,2021-08-18,Conservative,Seats,0,1,3
Nova Scotia,2021-08-18,Green,Seats,0,0,0
Nova Scotia,2021-08-18,Liberal,Seats,6,9,11
Nova Scotia,2021-08-18,NDP,Seats,0,0,3
Nova Scotia,2021-08-18,People's,Seats,0,0,0
Nova Scotia,2021-08-18,Conservative,Vote share,0.1200876082120296,0.19634380140979169,0.27128196202333626
Nova Scotia,2021-08-18,Green,Vote share,0.03655803306959215,0.08530153089785567,0.1431442012225968
Nova Scotia,2021-08-18,Liberal,Vote share,0.35768673464483525,0.4442974053296227,0.5365924365997897
Nova Scotia,2021-08-18,NDP,Vote share,0.13146054765758672,0.2112208923172627,0.28984767647921367
Nova Scotia,2021-08-18,People's,Vote share,0.01216250891991342,0.05494784210811744,0.09689971989669709
Nunavut,2021-08-18,Conservative,Seats,0,0,1
Nunavut,2021-08-18,Green,Seats,0,0,0
Nunavut,2021-08-18,Liberal,Seats,0,0,1
Nunavut,2021-08-18,NDP,Seats,0,1,1
Nunavut,2021-08-18,People's,Seats,0,0,0
Nunavut,2021-08-18,Conservative,Vote share,0.06929105396586663,0.19887899429206063,0.3272949892683124
Nunavut,2021-08-18,Green,Vote share,0,0.03612928620875152,0.14096582767296398
Nunavut,2021-08-18,Liberal,Vote share,0.1560230224559928,0.29741285129953965,0.4417108592422445
Nunavut,2021-08-18,NDP,Vote share,0.19830449655927143,0.4010048552786512,0.583394511380782
Nunavut,2021-08-18,People's,Vote share,0,0.05138898909963556,0.11257119006689945
Ontario,2021-08-18,Conservative,Seats,25,34,42
Ontario,2021-08-18,Green,Seats,0,0,0
Ontario,2021-08-18,Liberal,Seats,65,78,88
Ontario,2021-08-18,NDP,Seats,5,9,17
Ontario,2021-08-18,People's,Seats,0,0,0
Ontario,2021-08-18,Conservative,Vote share,0.23033373583430747,0.2776508111121417,0.32715361799134335
Ontario,2021-08-18,Green,Vote share,0.02300718477901216,0.06109198497409016,0.10290841388929296
Ontario,2021-08-18,Liberal,Vote share,0.3217709314949228,0.3871953120265246,0.4509814247199022
Ontario,2021-08-18,NDP,Vote share,0.15366085089674747,0.2070281580319272,0.2578995515340748
Ontario,2021-08-18,People's,Vote share,0.02921530699622361,0.0615214852633852,0.09385878091722566
Prince Edward Island,2021-08-18,Conservative,Seats,0,0,1
Prince Edward Island,2021-08-18,Green,Seats,0,0,0
Prince Edward Island,2021-08-18,Liberal,Seats,3,4,4
Prince Edward Island,2021-08-18,NDP,Seats,0,0,1
Prince Edward Island,2021-08-18,People's,Seats,0,0,0
Prince Edward Island,2021-08-18,Conservative,Vote share,0.112168226135548,0.2017296293922089,0.28752168995553934
Prince Edward Island,2021-08-18,Green,Vote share,0.0927632553064117,0.1616059664560362,0.2325954257844207
Prince Edward Island,2021-08-18,Liberal,Vote share,0.36006674247769344,0.4625280646213717,0.5659722454897613
Prince Edward Island,2021-08-18,NDP,Vote share,0.03698232190727186,0.12176381010858128,0.21623377314999545
Prince Edward Island,2021-08-18,People's,Vote share,0.00256177287606651,0.04544352399054267,0.08747930536051726
Quebec,2021-08-18,Bloc,Seats,21,28,35
Quebec,2021-08-18,Conservative,Seats,8,10,12
Quebec,2021-08-18,Green,Seats,0,0,0
Quebec,2021-08-18,Liberal,Seats,31,37,44
Quebec,2021-08-18,NDP,Seats,1,3,5
Quebec,2021-08-18,People's,Seats,0,0,0
Quebec,2021-08-18,Bloc,Vote share,0.22377406468773617,0.27795434672828967,0.33392520604373804
Quebec,2021-08-18,Conservative,Vote share,0.1019896378909662,0.15369845508818072,0.2084044843480706
Quebec,2021-08-18,Green,Vote share,0.01212611339204994,0.05810227672854376,0.10681627640101916
Quebec,2021-08-18,Liberal,Vote share,0.2762462943312884,0.33443468873255044,0.3963101618275504
Quebec,2021-08-18,NDP,Vote share,0.07387545917284513,0.11819690597689626,0.16399230294431238
Quebec,2021-08-18,People's,Vote share,0.02015623121542496,0.05104508418037992,0.08210112533257773
Saskatchewan,2021-08-18,Conservative,Seats,10,13,14
Saskatchewan,2021-08-18,Green,Seats,0,0,0
Saskatchewan,2021-08-18,Liberal,Seats,0,0,2
Saskatchewan,2021-08-18,NDP,Seats,0,1,3
Saskatchewan,2021-08-18,People's,Seats,0,0,0
Saskatchewan,2021-08-18,Conservative,Vote share,0.44706378984897954,0.5292366010633167,0.6170063703935174
Saskatchewan,2021-08-18,Green,Vote share,7.618910704451932e-4,0.04115156995486081,0.09241733979958186
Saskatchewan,2021-08-18,Liberal,Vote share,0.0820112365381426,0.15677485892818604,0.23328792400046977
Saskatchewan,2021-08-18,NDP,Vote share,0.1309789771844018,0.20373013015479327,0.27942821548386587
Saskatchewan,2021-08-18,People's,Vote share,0.01997659041715958,0.06030265289361183,0.1010175508506884
Yukon,2021-08-18,Conservative,Seats,0,0,1
Yukon,2021-08-18,Green,Seats,0,0,0
Yukon,2021-08-18,Liberal,Seats,0,1,1
Yukon,2021-08-18,NDP,Seats,0,0,1
Yukon,2021-08-18,People's,Seats,0,0,0
Yukon,2021-08-18,Conservative,Vote share,0.11746070066286728,0.2381504387039916,0.35862746652715644
Yukon,2021-08-18,Green,Vote share,0.0015669031695958,0.0974361565265941,0.19994595297806553
Yukon,2021-08-18,Liberal,Vote share,0.23763910102109223,0.37181807743038775,0.5101385763742055
Yukon,2021-08-18,NDP,Vote share,0.02526075581305902,0.22643391083144832,0.407511050627093
Yukon,2021-08-18,People's,Vote share,0,0.05850319827019406,0.1161268426522494
Alberta,2021-08-19,Conservative,Seats,30,32,33
Alberta,2021-08-19,Green,Seats,0,0,0
Alberta,2021-08-19,Liberal,Seats,0,0,3
Alberta,2021-08-19,NDP,Seats,1,1,2
Alberta,2021-08-19,People's,Seats,0,0,0
Alberta,2021-08-19,Conservative,Vote share,0.4658453764024909,0.5437360444630206,0.629505906433165
Alberta,2021-08-19,Green,Vote share,0.005443967492144881,0.04459182453688665,0.08783348737693235
Alberta,2021-08-19,Liberal,Vote share,0.10541020894510056,0.17446967249992157,0.24094103249372187
Alberta,2021-08-19,NDP,Vote share,0.0980683236631463,0.1697181413894082,0.2347217160549277
Alberta,2021-08-19,People's,Vote share,0.023016505589088316,0.061899391514247504,0.09993832470363379
British Columbia,2021-08-19,Conservative,Seats,8,14,18
British Columbia,2021-08-19,Green,Seats,1,2,2
British Columbia,2021-08-19,Liberal,Seats,10,15,21
British Columbia,2021-08-19,NDP,Seats,8,11,15
British Columbia,2021-08-19,People's,Seats,0,0,0
British Columbia,2021-08-19,Conservative,Vote share,0.2117826737503776,0.27948350440642733,0.34798632022204373
British Columbia,2021-08-19,Green,Vote share,0.057569348772191165,0.10435817337854042,0.15551896445692964
British Columbia,2021-08-19,Liberal,Vote share,0.22982971584735815,0.295744113612263,0.36361723000763674
British Columbia,2021-08-19,NDP,Vote share,0.1868092175868929,0.2606075354034868,0.3348395313653596
British Columbia,2021-08-19,People's,Vote share,0.015500629445672483,0.05323452063792748,0.09023483447121033
Manitoba,2021-08-19,Conservative,Seats,5,7,8
Manitoba,2021-08-19,Green,Seats,0,0,0
Manitoba,2021-08-19,Liberal,Seats,3,5,6
Manitoba,2021-08-19,NDP,Seats,2,3,4
Manitoba,2021-08-19,People's,Seats,0,0,0
Manitoba,2021-08-19,Conservative,Vote share,0.27584603541860037,0.35482495379929224,0.437118623783731
Manitoba,2021-08-19,Green,Vote share,0.007789652278391066,0.057718913505199254,0.10831136079200698
Manitoba,2021-08-19,Liberal,Vote share,0.2173454972335247,0.29148683277353504,0.3697188406956424
Manitoba,2021-08-19,NDP,Vote share,0.15093310635312668,0.22493977111202612,0.3018153685794813
Manitoba,2021-08-19,People's,Vote share,0.023703545448526868,0.06400335717128187,0.10549979922850132
National,2021-08-19,Bloc,Seats,21,28,35
National,2021-08-19,Conservative,Seats,101,114,127
National,2021-08-19,Green,Seats,1,2,3
National,2021-08-19,Liberal,Seats,144,162,179
National,2021-08-19,NDP,Seats,24,32,43
National,2021-08-19,People's,Seats,0,0,0
National,2021-08-19,Bloc,Vote share,0.05020501035347982,0.06448824841370723,0.07888442233498169
National,2021-08-19,Conservative,Vote share,0.2543784768701002,0.285471787712337,0.3177795606369658
National,2021-08-19,Green,Vote share,0.03568869130889723,0.06463595625221573,0.09610734114752964
National,2021-08-19,Liberal,Vote share,0.29316150448021117,0.3302655739810988,0.36758261660046193
National,2021-08-19,NDP,Vote share,0.15397520408042495,0.1903466866670561,0.22465118899013362
National,2021-08-19,People's,Vote share,0.0389053041887029,0.05897189767093894,0.07928399224364895
New Brunswick,2021-08-19,Conservative,Seats,2,3,5
New Brunswick,2021-08-19,Green,Seats,0,0,1
New Brunswick,2021-08-19,Liberal,Seats,4,6,8
New Brunswick,2021-08-19,NDP,Seats,0,0,1
New Brunswick,2021-08-19,People's,Seats,0,0,0
New Brunswick,2021-08-19,Conservative,Vote share,0.1931102808740971,0.270624214716113,0.34813743477035153
New Brunswick,2021-08-19,Green,Vote share,0.0751662775171054,0.12835458910081327,0.18775366649912464
New Brunswick,2021-08-19,Liberal,Vote share,0.2997201360251981,0.38827220474139273,0.48115959820843035
New Brunswick,2021-08-19,NDP,Vote share,0.05975296076037481,0.13979559403838468,0.2207642296297081
New Brunswick,2021-08-19,People's,Vote share,0.023061682082568143,0.06524033199640254,0.10668083892888629
Newfoundland and Labrador,2021-08-19,Conservative,Seats,0,0,1
Newfoundland and Labrador,2021-08-19,Green,Seats,0,0,0
Newfoundland and Labrador,2021-08-19,Liberal,Seats,4,6,7
Newfoundland and Labrador,2021-08-19,NDP,Seats,0,1,2
Newfoundland and Labrador,2021-08-19,People's,Seats,0,0,0
Newfoundland and Labrador,2021-08-19,Conservative,Vote share,0.129192439031545,0.2087481544207228,0.2858460655034624
Newfoundland and Labrador,2021-08-19,Green,Vote share,0.0031480523671535044,0.03146873481545203,0.0816418706925408
Newfoundland and Labrador,2021-08-19,Liberal,Vote share,0.35829661695091203,0.4521830097436268,0.5521424687655628
Newfoundland and Labrador,2021-08-19,NDP,Vote share,0.16543489658306096,0.24772779046070964,0.33116570365501397
Newfoundland and Labrador,2021-08-19,People's,Vote share,0.007818109950460403,0.04967021195960275,0.09065779217228923
Northwest Territories,2021-08-19,Conservative,Seats,0,0,0
Northwest Territories,2021-08-19,Green,Seats,0,0,0
Northwest Territories,2021-08-19,Liberal,Seats,0,1,1
Northwest Territories,2021-08-19,NDP,Seats,0,0,1
Northwest Territories,2021-08-19,People's,Seats,0,0,0
Northwest Territories,2021-08-19,Conservative,Vote share,0.06037756034391964,0.18203734089734236,0.29917929600980764
Northwest Territories,2021-08-19,Green,Vote share,0.0020451817205445013,0.0967659761467004,0.19362192144539356
Northwest Territories,2021-08-19,Liberal,Vote share,0.28859283900719274,0.4186954642533044,0.561431140061834
Northwest Territories,2021-08-19,NDP,Vote share,0.0278912590246035,0.23186696832485026,0.41452802761272706
Northwest Territories,2021-08-19,People's,Vote share,0.005843872040165497,0.06356968792751386,0.11938440777848464
Nova Scotia,2021-08-19,Conservative,Seats,0,1,3
Nova Scotia,2021-08-19,Green,Seats,0,0,0
Nova Scotia,2021-08-19,Liberal,Seats,6,9,11
Nova Scotia,2021-08-19,NDP,Seats,0,1,3
Nova Scotia,2021-08-19,People's,Seats,0,0,0
Nova Scotia,2021-08-19,Conservative,Vote share,0.1265413163840925,0.20389892295154186,0.2794547935740423
Nova Scotia,2021-08-19,Green,Vote share,0.03451545041335155,0.08224224010866651,0.13970263711941616
Nova Scotia,2021-08-19,Liberal,Vote share,0.3386459801195298,0.4305013209530707,0.5256355073416056
Nova Scotia,2021-08-19,NDP,Vote share,0.13515501535416027,0.2162741640510768,0.2968019496336888
Nova Scotia,2021-08-19,People's,Vote share,0.016389178141859098,0.059231061537720925,0.10126235162120589
Nunavut,2021-08-19,Conservative,Seats,0,0,1
Nunavut,2021-08-19,Green,Seats,0,0,0
Nunavut,2021-08-19,Liberal,Seats,0,0,1
Nunavut,2021-08-19,NDP,Seats,0,1,1
Nunavut,2021-08-19,People's,Seats,0,0,0
Nunavut,2021-08-19,Conservative,Vote share,0.07075388110048521,0.1995369272304765,0.32760549520604204
Nunavut,2021-08-19,Green,Vote share,0,0.03398380978690588,0.13768074275283237
Nunavut,2021-08-19,Liberal,Vote share,0.15682728152485956,0.29659473808956305,0.4396533173544476
Nunavut,2021-08-19,NDP,Vote share,0.19986186491611094,0.4013540682632849,0.5825713134510307
Nunavut,2021-08-19,People's,Vote share,0,0.0530904676598549,0.11201004564981488
Ontario,2021-08-19,Conservative,Seats,25,34,42
Ontario,2021-08-19,Green,Seats,0,0,0
Ontario,2021-08-19,Liberal,Seats,66,78,89
Ontario,2021-08-19,NDP,Seats,5,9,16
Ontario,2021-08-19,People's,Seats,0,0,0
Ontario,2021-08-19,Conservative,Vote share,0.23052130164715925,0.27625729574201485,0.32444138599792494
Ontario,2021-08-19,Green,Vote share,0.0221379000022685,0.05948911199549255,0.10089729594529417
Ontario,2021-08-19,Liberal,Vote share,0.326289523319374,0.389753366244996,0.45160370585762954
Ontario,2021-08-19,NDP,Vote share,0.15306065883988243,0.20531431139627754,0.2555309172320579
Ontario,2021-08-19,People's,Vote share,0.032371452272166104,0.06342753879601118,0.0946726142685212
Prince Edward Island,2021-08-19,Conservative,Seats,0,0,1
Prince Edward Island,2021-08-19,Green,Seats,0,0,0
Prince Edward Island,2021-08-19,Liberal,Seats,2,4,4
Prince Edward Island,2021-08-19,NDP,Seats,0,0,1
Prince Edward Island,2021-08-19,People's,Seats,0,0,0
Prince Edward Island,2021-08-19,Conservative,Vote share,0.11895727559626675,0.20947413064364967,0.2958722569079086
Prince Edward Island,2021-08-19,Green,Vote share,0.09011933959972097,0.15845303435409563,0.2298088104908759
Prince Edward Island,2021-08-19,Liberal,Vote share,0.34201511987668254,0.4486507665712902,0.5556041047156127
Prince Edward Island,2021-08-19,NDP,Vote share,0.0400393034076546,0.12739924765316984,0.22319814326643334
Prince Edward Island,2021-08-19,People's,Vote share,0.006591172367491606,0.04978969004266499,0.09154989453920012
Quebec,2021-08-19,Bloc,Seats,21,28,35
Quebec,2021-08-19,Conservative,Seats,8,10,12
Quebec,2021-08-19,Green,Seats,0,0,0
Quebec,2021-08-19,Liberal,Seats,31,37,44
Quebec,2021-08-19,NDP,Seats,1,3,5
Quebec,2021-08-19,People's,Seats,0,0,0
Quebec,2021-08-19,Bloc,Vote share,0.21919156497274567,0.273428816784858,0.32843576402055025
Quebec,2021-08-19,Conservative,Vote share,0.1005577274724707,0.15095969280871457,0.2045678685850111
Quebec,2021-08-19,Green,Vote share,0.010523958928666036,0.055015654714218334,0.10309319313191702
Quebec,2021-08-19,Liberal,Vote share,0.2731153663836723,0.33282961818804924,0.39607395069791385
Quebec,2021-08-19,NDP,Vote share,0.07709744693293744,0.12920971643856521,0.18296935462083685
Quebec,2021-08-19,People's,Vote share,0.022975816998752428,0.05222891157613421,0.0816431917068311
Saskatchewan,2021-08-19,Conservative,Seats,10,13,14
Saskatchewan,2021-08-19,Green,Seats,0,0,0
Saskatchewan,2021-08-19,Liberal,Seats,0,0,2
Saskatchewan,2021-08-19,NDP,Seats,0,1,3
Saskatchewan,2021-08-19,People's,Seats,0,0,0
Saskatchewan,2021-08-19,Conservative,Vote share,0.45041091893741136,0.5310505168480364,0.6176735593971523
Saskatchewan,2021-08-19,Green,Vote share,2.841334273469363e-4,0.037698414780409084,0.08889696601063793
Saskatchewan,2021-08-19,Liberal,Vote share,0.07891548441002084,0.15381157227535305,0.23101284023869914
Saskatchewan,2021-08-19,NDP,Vote share,0.12858239925882156,0.20305424001092498,0.2809414661229949
Saskatchewan,2021-08-19,People's,Vote share,0.02464536347377904,0.06477644357542883,0.10626003030592582
Yukon,2021-08-19,Conservative,Seats,0,0,1
Yukon,2021-08-19,Green,Seats,0,0,0
Yukon,2021-08-19,Liberal,Seats,0,1,1
Yukon,2021-08-19,NDP,Seats,0,0,1
Yukon,2021-08-19,People's,Seats,0,0,0
Yukon,2021-08-19,Conservative,Vote share,0.1191813415189437,0.23864879639089404,0.35818537108898435
Yukon,2021-08-19,Green,Vote share,0.00033248453311341363,0.09537736686846873,0.19686952476904435
Yukon,2021-08-19,Liberal,Vote share,0.23809369374784203,0.37070071185155984,0.5079750601821111
Yukon,2021-08-19,NDP,Vote share,0.02737051648746974,0.2276047135652006,0.40744422966459476
Yukon,2021-08-19,People's,Vote share,0.002161173813499238,0.060002406710669504,0.11520081491855991
